username,password,name,surname,email,company,sector,phone
johnny,johnny,Johnny,López,john@mail.com,"Cash & Carry, Co",Retailer, 622191444
lorraine,lorraine,Lorraine,Williams,lorraine@yellow-house.com,"Cash & Carry, Co",Retailer, 622191444
leslie,leslie,Leslie Marti,Ramport,leslie@us.es,"Networks, Inc.",Communications, 622191444
robert,robert,Robert,Johnson,robert@mail.server.com,"Networks, Inc.",Communications, 622191444
pepeluis,pepeluis,José Luis,Sørensen,ppepe.sorensen@sweden.sw,"Baby Care, GmbH",Children care, 622191444
luisa,luisa,Luisa,Martínez López,luisa@luisa.name,"Baby Care, GmbH",Children care, 622191444
lukas,lukas,Lukas,Smith,lukas@mail.com,Like children,N/A, 622191444
mary-dt,mary-dt,Mary,Design-Testing,mary@email.com,Good at WIS development,Design and Testing II, 622191444
jorge,jorge,Jorge,Libertad,jorge@yahoo.com,Good at playing the piano,Skoove on-line course, 622191444
sonia,sonia,Snojia Guðrún,Þor-Anaïs,sonja@liberty.de,N/A,N/A, 622191444
parker,parker,Parker Sigurður,Mañón-Perigüeñez,parker@outlook.com,Like spiders,Aracno Master at Toaster’s University, 622191444
manolo,manolo,Manuel Raúl,Benítez López,manolo@engineer.com,"Java EE, HTML, CSS, JavaScript, JSP",Toaster’s University, 622191444
